{
  "Das Erste": {
    "id": "ard",
    "q": "hd"
  },
  "ZDF": {
    "id": "zdf",
    "q": "hd"
  },
  "BR": {
    "id": "br",
    "q": "hd"
  },
  "HR": {
    "id": "hr",
    "q": "hd"
  },
  "MDR": {
    "id": "mdr-sachsen",
    "q": "hd"
  },
  "NDR": {
    "id": "ndr-niedersachsen",
    "q": "hd"
  },
  "RBB": {
    "id": "rbb",
    "q": "hd"
  },
  "SR": {
    "id": "sr-fernsehen",
    "q": "hd"
  },
  "SWR BW": {
    "id": "swr-fernsehen-bw",
    "q": "hd"
  },
  "SWR RP": {
    "id": "swr-fernsehen-rp",
    "q": "hd"
  },
  "WDR": {
    "id": "wdr-koeln",
    "q": "hd"
  },
  "3sat": {
    "id": "3sat",
    "q": "hd"
  },
  "arte (de)": {
    "id": "DE_arte",
    "q": "hd"
  },
  "phoenix": {
    "id": "phoenix",
    "q": "hd"
  },
  "one": {
    "id": "einsfestival",
    "q": "hd"
  },
  "ARD alpha": {
    "id": "br-alpha",
    "q": "hd"
  },
  "tagesschau24": {
    "id": "einsextra",
    "q": "hd"
  },
  "ZDFinfo": {
    "id": "zdf-info",
    "q": "hd"
  },
  "zdf_neo": {
    "id": "zdfneo",
    "q": "hd"
  },
  "KI.KA": {
    "id": "kika",
    "q": "hd"
  },
  "ORF 1": {
    "id": "orf-1",
    "q": "hd"
  },
  "ORF 2": {
    "id": "orf-2",
    "q": "hd"
  },
  "ORF 3": {
    "id": "orf3",
    "q": "hd"
  },
  "SRF 1": {
    "id": "sf-1",
    "q": "hd"
  },
  "SRF 2": {
    "id": "sf-2",
    "q": "hd"
  },
  "SRF info": {
    "id": "sf-info",
    "q": "hd"
  },
  "RTS Un": {
    "id": "tsr1",
    "q": "hd"
  },
  "RTS Deux": {
    "id": "tsr2",
    "q": "hd"
  },
  "RSI La 1": {
    "id": "rsi-la1",
    "q": "hd"
  },
  "RSI La 2": {
    "id": "rsi-la2",
    "q": "hd"
  },
  "WELT": {
    "id": "n24",
    "q": "hd"
  },
  "ntv": {
    "id": "ntv_de",
    "q": "hd"
  },
  "RTL": {
    "id": "rtl_deutschland",
    "q": "hd"
  },
  "RTL 2": {
    "id": "rtl2_deutschland",
    "q": "hd"
  },
  "VOX": {
    "id": "vox_deutschland",
    "q": "hd"
  },
  "VOXup": {
    "id": "vox_up_de",
    "q": "sd"
  },
  "Super RTL": {
    "id": "super_rtl_deutschland",
    "q": "hd"
  },
  "NITRO": {
    "id": "rtlnitro_de",
    "q": "hd"
  },
  "RTL up": {
    "id": "rtl_plus",
    "q": "sd"
  },
  "ProSieben": {
    "id": "pro7_deutschland",
    "q": "hd"
  },
  "ProSieben Maxx": {
    "id": "pro7maxx",
    "q": "hd"
  },
  "Sat.1": {
    "id": "sat1_deutschland",
    "q": "hd"
  },
  "Sat.1 GOLD": {
    "id": "sat1gold",
    "q": "hd"
  },
  "kabel eins": {
    "id": "kabel_eins_deutschland",
    "q": "hd"
  },
  "kabel eins doku": {
    "id": "kabel1_doku",
    "q": "hd"
  },
  "sixx": {
    "id": "sixx_deutschland",
    "q": "hd"
  },
  "Puls 4": {
    "id": "puls4",
    "q": "hd"
  },
  "Puls 8": {
    "id": "puls8",
    "q": "hd"
  },
  "ATV (at)": {
    "id": "atv",
    "q": "hd"
  },
  "DMAX (de)": {
    "id": "dmax",
    "q": "hd"
  },
  "TLC (de)": {
    "id": "tlc",
    "q": "hd"
  },
  "Eurosport 1 (de)": {
    "id": "eurosport",
    "q": "sd"
  },
  "Sport 1": {
    "id": "dsf",
    "q": "hd"
  },
  "Tele 5": {
    "id": "tele-5",
    "q": "hd"
  },
  "Servus TV (de)": {
    "id": "servus_tv",
    "q": "hd"
  },
  "Servus TV (at)": {
    "id": "servus_tv_austria",
    "q": "hd"
  },
  "Sonnenklar TV": {
    "id": "sonnenklartv",
    "q": "hd"
  },
  "Deutsches Musik Fernsehen": {
    "id": "deutschesmusikfernsehen",
    "q": "sd"
  },
  "HSE": {
    "id": "hse24",
    "q": "hd"
  },
  "QVC": {
    "id": "qvc_germany",
    "q": "hd"
  },
  "123tv": {
    "id": "123tv",
    "q": "hd"
  },
  "Channel 21": {
    "id": "channel21",
    "q": "sd"
  },
  "Bibel TV": {
    "id": "bibeltv",
    "q": "hd"
  },
  "TVE": {
    "id": "tve",
    "q": "hd"
  },
  "TVP": {
    "id": "tvp-polonia",
    "q": "hd"
  },
  "RAI": {
    "id": "rai1_int_it",
    "q": "hd"
  },
  "TeleZüri": {
    "id": "telezueri",
    "q": "hd"
  }
}