{
  "zattoo":

  {
    "sf-1": ["fhd", "dd"],
    "sf-2": ["fhd", "dd"],
    "sf-info": ["fhd", "dd"],
    "3plus": ["fhd", "dd"],
    "4plus": ["fhd", "dd"],
    "ard": ["fhd", "dd"],
    "zdf": ["fhd", "dd"],
    "tv24": ["fhd"],
    "rtl": ["fhd", "dd"],
    "prosieben": ["fhd", "dd"],
    "sat1": ["fhd", "dd"],
    "vox": ["fhd", "dd"],
    "rtl-2": ["fhd", "dd"],
    "kabel-eins": ["fhd", "dd"],
    "kabel1_doku": ["fhd"],
    "telezueri": ["fhd"],
    "5plus_ch": ["fhd"],
    "tv25": ["fhd"],
    "s1": ["fhd"],
    "puls8": ["fhd"],
    "swiss_1": ["fhd"],
    "dmax": ["fhd"],
    "pro7maxx_ch": ["fhd"],
    "rtlnitro": ["fhd"],
    "6plus_ch": ["fhd"],
    "comedycentral": ["fhd"],
    "rocketbeans": ["fhd"],
    "n24_doku": ["fhd"],
    "sat1gold": ["fhd", "dd"],
    "de_sixx": ["fhd"],
    "vox_up_de": ["fhd"],
    "tlc": ["fhd"],
    "tele-5": ["fhd"],
    "rtl_plus": ["fhd"],
    "hgtv_de": ["fhd"],
    "servus_tv": ["fhd"],
    "super-rtl": ["fhd", "dd"],
    "nick": ["fhd"],
    "kika": ["fhd"],
    "toggo_plus": ["fhd"],
    "DE_arte": ["fhd", "dd"],
    "3sat": ["fhd", "dd"],
    "phoenix": ["fhd"],
    "hr": ["fhd"],
    "ndr-niedersachsen": ["fhd"],
    "rbb": ["fhd"],
    "einsextra": ["fhd"],
    "einsfestival": ["fhd"],
    "zdf-info": ["fhd", "dd"],
    "zdfneo": ["fhd", "dd"],
    "dsf": ["fhd"],
    "eurosport": ["fhd"],
    "sky_sport_news_de": ["fhd"],
    "teleclub_zoom": ["fhd"],
    "n24": ["fhd"],
    "n-tv": ["fhd"],
    "deluxe-music": ["fhd"],
    "fashiontv": ["fhd"],
    "channel-4": ["fhd"],
    "tsr1": ["fhd", "dd"],
    "tsr2": ["fhd", "dd"],
    "tf1": ["fhd"],
    "m6-suisse": ["fhd", "dd"],
    "france-2": ["fhd", "dd"],
    "france-3": ["fhd"],
    "france-4": ["fhd", "dd"],
    "france-5": ["fhd"],
    "direct-8": ["fhd"],
    "arte-france": ["fhd"],
    "bfmtv": ["fhd"],
    "nt1": ["fhd"],
    "hd1": ["fhd"],
    "teleclub_zoom_fr": ["fhd"],
    "lequipe21": ["fhd"],
    "6ter": ["dd"],
    "rmcdecouverte": ["fhd"],
    "cherie25": ["fhd"],
    "lci": ["fhd"],
    "rsi-la1": ["fhd", "dd"],
    "rsi-la2": ["fhd", "dd"],
    "canale-5": ["fhd"],
    "rai-uno": ["fhd", "dd"],
    "rai-due": ["fhd"],
    "rai-tre": ["fhd"],
    "rtl_deutschland": ["fhd", "dd"],
    "pro7_deutschland": ["fhd", "dd"],
    "sat1_deutschland": ["fhd", "dd"],
    "vox_deutschland": ["fhd", "dd"],
    "kabel_eins_deutschland": ["fhd", "dd"],
    "rtl2_deutschland": ["fhd", "dd"],
    "super_rtl_deutschland": ["fhd", "dd"],
    "sixx_deutschland": ["fhd"],
    "pro7maxx": ["fhd"],
    "comedycentral_de": ["fhd"],
    "ntv_de": ["fhd"],
    "nickelodeon": ["fhd"],
    "mtvgermany": ["fhd"],
    "br_nord": ["fhd"],
    "swr-fernsehen-rp": ["fhd"],
    "rtlnitro_de": ["fhd"],
    "disney": ["fhd"],
    "cnn-international": ["fhd", "dd"],
    "skyD_tnt_comedy": ["fhd"],
    "skyD_tnt_film": ["fhd"],
    "skyD_tnt_serie": ["fhd"],
    "sportdigital": ["fhd"],
    "motorvision_tv": ["fhd"],
    "spiegel_geschichte": ["fhd"],
    "skyD_natgeo_wild": ["fhd"],
    "atv": ["fhd"],
    "puls4": ["fhd"],
    "servus_tv_austria": ["fhd"],
    "rtl_austria": ["fhd"],
    "pro7_austria": ["fhd"],
    "vox_austria": ["fhd"],
    "sat1_austria": ["fhd"],
    "krone_tv_at": ["fhd"],
    "kabel_eins_austria": ["fhd"],
    "atv2": ["fhd"],
    "puls24_at": ["fhd"],
    "rtl2_austria": ["fhd"],
    "rtlnitro_austria": ["fhd"],
    "rtl_plus_at": ["fhd"],
    "super_rtl_austria": ["fhd"],
    "nick_at": ["fhd"],
    "sat1gold_austria": ["fhd", "dd"],
    "pro7maxx_austria": ["fhd", "dd"],
    "kabel_eins_doku_at": ["fhd"],
    "sixx_austria": ["fhd"],
    "comedycentral_at": ["fhd"],
    "ntv_at": ["fhd"],
    "eotv": ["fhd"],
    "orf-1": ["dd"],
    "orf-2": ["dd"],
    "itv-1-london": ["fhd", "dd"],
    "itv-2": ["fhd", "dd"],
    "itv-3": ["fhd", "dd"],
    "itv-4": ["fhd", "dd"],
    "bbc-one": ["fhd", "dd"],
    "bbc2": ["fhd", "dd"],
    "bbc_three_uk": ["fhd", "dd"],
    "bbc-four": ["fhd", "dd"],
    "bbc_news": ["fhd", "dd"],
    "bbc-world-service": ["fhd", "dd"],
    "five": ["fhd", "dd"],
    "freesports_uk": ["fhd", "dd"],
    "cbbc": ["dd"],
    "cbeebies": ["fhd", "dd"],
    "rete-4": ["fhd"],
    "italia-1": ["fhd"],
    "tmc": ["fhd"]
  },

  "wilmaa":

  {
    "sf_1_hd": ["fhd", "dd"],
    "sf_2_hd": ["fhd", "dd"],
    "3_plus_hd": ["fhd", "dd"],
    "tv24_hd": ["fhd"],
    "pro7_ch_hd": ["fhd", "dd"],
    "rtl_ch_hd": ["fhd", "dd"],
    "rtl_2_hd": ["fhd", "dd"],
    "4_plus_hd": ["fhd", "dd"],
    "5_plus_hd": ["fhd"],
    "tv_25_hd": ["fhd"],
    "vox_hd": ["fhd", "dd"],
    "sat_1_hd": ["fhd", "dd"],
    "kabel_1_hd": ["fhd", "dd"],
    "sixx_hd": ["fhd"],
    "puls_8": ["fhd"],
    "6_plus_hd": ["fhd"],
    "s1tv_hd": ["fhd"],
    "rtl_nitro_hd": ["fhd"],
    "dmax": ["fhd"],
    "pro7_maxx": ["fhd"],
    "ard_hd": ["fhd", "dd"],
    "zdf_hd": ["fhd", "dd"],
    "sat_1_gold": ["fhd", "dd"],
    "zdf_neo_hd": ["fhd", "dd"],
    "zdf_info_hd": ["fhd", "dd"],
    "arte_de_hd": ["fhd", "dd"],
    "3_sat_hd": ["fhd", "dd"],
    "super_rtl_hd": ["fhd", "dd"],
    "tlc_de": ["fhd"],
    "hgtv_de": ["fhd"],
    "viva_hd": ["fhd"],
    "nick_cc_hd": ["fhd"],
    "kika_hd": ["fhd"],
    "toggo_plus": ["fhd"],
    "eurosport": ["fhd"],
    "sport_1": ["fhd"],
    "teleclub_zoom_hd": ["fhd"],
    "n24_hd": ["fhd"],
    "n_tv_hd": ["fhd"],
    "sf_info_hd": ["fhd", "dd"],
    "phoenix_hd": ["fhd"],
    "kabel1_doku": ["fhd"],
    "n24_doku": ["fhd"],
    "rtl_plus": ["fhd"],
    "servus_tv_hd": ["fhd"],
    "tele_5": ["fhd"],
    "swiss1_tv_hd": ["fhd"],
    "tele_zuri_hd": ["fhd"],
    "swr_hd": ["dd"],
    "wdr_hd": ["dd"],
    "br_hd": ["dd"],
    "ndr_hd": ["fhd"],
    "mdr": ["dd"],
    "hr": ["fhd"],
    "rbb": ["fhd"],
    "vox_up_de": ["fhd"],
    "einsfestival": ["fhd"],
    "deluxe_music": ["fhd"],
    "rts_un_hd": ["fhd", "dd"],
    "rts_deux_hd": ["fhd", "dd"],
    "m_6_hd": ["fhd", "dd"],
    "tf_1_hd": ["fhd"],
    "france_2_hd": ["fhd", "dd"],
    "france_3": ["fhd"],
    "france_4": ["fhd", "dd"],
    "france_5": ["fhd"],
    "6_ter": ["dd"],
    "arte_fr_hd": ["fhd"],
    "equipe_tv": ["fhd"],
    "cherie_hd": ["fhd"],
    "rmc_decouverte": ["fhd"],
    "hd_1": ["fhd"],
    "rsi_la_1_hd": ["fhd", "dd"],
    "rsi_la_2_hd": ["fhd", "dd"],
    "channel_4_hd": ["fhd"],
    "bfm_tv": ["fhd"],
    "nt_1": ["fhd"],
    "rai_1_hd": ["fhd", "dd"],
    "rai_2": ["fhd"],
    "rai_3": ["fhd"],
    "canale_5_hd": ["fhd"],
    "direct_8": ["fhd"],
    "fashiontv": ["fhd"],
    "lci": ["fhd"],
    "rocketbeans": ["fhd"],
    "sr-fernsehen": ["dd"],
    "einsextra": ["fhd"],
    "teleclub_zoom_fr": ["fhd"],
    "orf_1_hd": ["dd"],
    "orf_2_hd": ["dd"],
    "disney_channel_de": ["fhd"],
    "cnn": ["fhd", "dd"],
    "itv_1_hd": ["fhd", "dd"],
    "bbc_1_hd": ["fhd", "dd"],
    "bbc_2_hd": ["fhd", "dd"],
    "bbc_3": ["dd"],
    "bbc-four": ["fhd", "dd"],
    "bbc_news_hd": ["fhd", "dd"],
    "bbc_world_news": ["fhd", "dd"],
    "channel_5": ["fhd", "dd"],
    "freesports_uk": ["fhd", "dd"],
    "cbeebies": ["fhd", "dd"],
    "rete_4_hd": ["fhd"],
    "italia_1_hd": ["fhd"],
    "tmc": ["fhd"],
    "radio_ticino_channel_ch": ["fhd"]
  },

  "teleboy":

  {
    "151": ["fhd", "dd"],
    "363": ["fhd", "dd"],
    "522": ["fhd"],
    "350": ["fhd", "dd"],
    "309": ["fhd", "dd"],
    "306": ["fhd", "dd"],
    "356": ["fhd", "dd"],
    "354": ["fhd", "dd"],
    "360": ["fhd", "dd"],
    "326": ["fhd"],
    "364": ["fhd"],
    "357": ["fhd", "dd"],
    "352": ["fhd", "dd"],
    "351": ["fhd", "dd"],
    "348": ["fhd"],
    "390": ["fhd"],
    "323": ["fhd"],
    "353": ["fhd", "dd"],
    "341": ["fhd"],
    "362": ["fhd"],
    "310": ["fhd", "dd"],
    "311": ["fhd", "dd"],
    "86": ["fhd", "dd"],
    "361": ["fhd"],
    "317": ["fhd"],
    "358": ["fhd", "dd"],
    "301": ["fhd", "dd"],
    "334": ["fhd"],
    "470": ["fhd"],
    "493": ["fhd"],
    "518": ["fhd"],
    "359": ["fhd", "dd"],
    "444": ["fhd"],
    "337": ["fhd"],
    "486": ["fhd"],
    "503": ["fhd"],
    "389": ["fhd"],
    "36": ["fhd"],
    "497": ["fhd"],
    "172": ["fhd", "dd"],
    "328": ["fhd"],
    "44": ["fhd"],
    "38": ["fhd"],
    "456": ["fhd"],
    "465": ["fhd"],
    "387": ["fhd"],
    "182": ["fhd"],
    "343": ["fhd"],
    "505": ["fhd"],
    "491": ["fhd"],
    "177": ["fhd"],
    "262": ["fhd"],
    "308": ["fhd"],
    "312": ["fhd", "dd"],
    "342": ["fhd", "dd"],
    "58": ["fhd"],
    "288": ["fhd", "dd"],
    "80": ["fhd"],
    "330": ["fhd"],
    "517": ["fhd"],
    "375": ["fhd"],
    "372": ["fhd"],
    "321": ["fhd"],
    "462": ["fhd"],
    "368": ["fhd"],
    "373": ["fhd"],
    "380": ["fhd"],
    "52": ["fhd", "dd"],
    "335": ["fhd"],
    "72": ["fhd"],
    "433": ["fhd"],
    "371": ["fhd"],
    "121": ["fhd", "dd"],
    "303": ["fhd", "dd"],
    "304": ["fhd", "dd"],
    "5": ["fhd", "dd"],
    "331": ["fhd", "dd"],
    "305": ["fhd", "dd"],
    "367": ["dd"],
    "339": ["fhd", "dd"],
    "340": ["fhd", "dd"],
    "307": ["dd"],
    "347": ["dd"],
    "53": ["fhd"],
    "54": ["fhd"],
    "145": ["fhd"],
    "50": ["fhd", "dd"],
    "346": ["fhd", "dd"],
    "332": ["fhd", "dd"],
    "333": ["fhd", "dd"],
    "564": ["fhd", "dd"],
    "399": ["fhd", "dd"],
    "400": ["fhd", "dd"],
    "101": ["fhd", "dd"],
    "191": ["fhd", "dd"],
    "438": ["fhd", "dd"],
    "185": ["dd"],
    "411": ["fhd", "dd"],
    "329": ["fhd"],
    "344": ["fhd"]
  },

  "skych":

  {
    "1": ["fhd"],
    "3": ["fhd"],
    "4": ["fhd"],
    "5": ["fhd"],
    "6": ["fhd"],
    "7": ["fhd"],
    "8": ["fhd"],
    "9": ["fhd"],
    "10": ["fhd"],
    "11": ["fhd"],
    "365": ["fhd"],
    "298": ["fhd"],
    "362": ["fhd"],
    "363": ["fhd"],
    "364": ["fhd"],
    "366": ["fhd"],
    "367": ["fhd"],
    "12": ["fhd"],
    "148": ["fhd"],
    "150": ["fhd"],
    "167": ["fhd"],
    "294": ["fhd"],
    "115": ["fhd"],
    "68": ["fhd"],
    "74": ["fhd"],
    "81": ["fhd"],
    "82": ["fhd"],
    "289": ["fhd"],
    "69": ["fhd"],
    "164": ["fhd"],
    "63": ["fhd"],
    "64": ["fhd"],
    "62": ["fhd"],
    "300": ["fhd"],
    "355": ["fhd"],
    "336": ["fhd"],
    "369": ["fhd"],
    "75": ["fhd"],
    "76": ["fhd"],
    "79": ["fhd"],
    "80": ["fhd"],
    "78": ["fhd"],
    "358": ["fhd"],
    "84": ["fhd"],
    "13": ["fhd"],
    "14": ["fhd"],
    "15": ["fhd"],
    "16": ["fhd"],
    "18": ["fhd"],
    "19": ["fhd"],
    "21": ["fhd"],
    "22": ["fhd"],
    "23": ["fhd"],
    "24": ["fhd"],
    "144": ["fhd", "dd"],
    "165": ["fhd", "dd"],
    "379": ["fhd", "dd"],
    "93": ["fhd", "dd"],
    "172": ["fhd", "dd"],
    "380": ["fhd", "dd"],
    "94": ["fhd", "dd"],
    "95": ["fhd", "dd"],
    "96": ["fhd", "dd"],
    "99": ["fhd", "dd"],
    "100": ["fhd", "dd"],
    "166": ["fhd", "dd"],
    "170": ["fhd", "dd"],
    "168": ["fhd"],
    "296": ["fhd", "dd"],
    "378": ["fhd"],
    "347": ["fhd", "dd"],
    "171": ["fhd", "dd"],
    "315": ["fhd", "dd"],
    "161": ["fhd", "dd"],
    "163": ["fhd", "dd"],
    "117": ["fhd", "dd"],
    "333": ["fhd", "dd"],
    "334": ["fhd", "dd"],
    "145": ["fhd", "dd"],
    "120": ["fhd", "dd"],
    "376": ["fhd"],
    "162": ["fhd"],
    "410": ["fhd"],
    "158": ["fhd"],
    "97": ["fhd"],
    "146": ["fhd"],
    "98": ["fhd"],
    "147": ["fhd"],
    "104": ["fhd"],
    "335": ["fhd"],
    "360": ["fhd"],
    "121": ["fhd"],
    "122": ["fhd"],
    "123": ["fhd"],
    "124": ["fhd"],
    "125": ["fhd"],
    "126": ["fhd"],
    "127": ["fhd"],
    "128": ["fhd"],
    "361": ["fhd"],
    "129": ["fhd"],
    "130": ["fhd"],
    "89": ["uhd", "fhd"],
    "90": ["uhd", "fhd"]
  },

  "bluetv":

  {

  },

  "yallo":

  {

  },

  "netstream":

  {

  }

}
