{
  "zattoo":

  {
    "sf-1": ["fhd", "dd"],
    "sf-2": ["fhd", "dd"],
    "sf-info": ["fhd", "dd"],
    "3plus": ["fhd", "dd"],
    "4plus": ["fhd", "dd"],
    "ard": ["fhd", "dd"],
    "zdf": ["fhd", "dd"],
    "tv24": ["fhd"],
    "rtl": ["fhd", "dd"],
    "prosieben": ["fhd", "dd"],
    "sat1": ["fhd", "dd"],
    "vox": ["fhd", "dd"],
    "rtl-2": ["fhd", "dd"],
    "kabel-eins": ["fhd", "dd"],
    "kabel1_doku": ["fhd"],
    "telezueri": ["fhd"],
    "5plus_ch": ["fhd"],
    "tv25": ["fhd"],
    "s1": ["fhd"],
    "puls8": ["fhd"],
    "swiss_1": ["fhd"],
    "dmax": ["fhd"],
    "pro7maxx_ch": ["fhd"],
    "rtlnitro": ["fhd"],
    "6plus_ch": ["fhd"],
    "comedycentral": ["fhd"],
    "rocketbeans": ["fhd"],
    "n24_doku": ["fhd"],
    "sat1gold": ["fhd", "dd"],
    "de_sixx": ["fhd"],
    "vox_up_de": ["fhd"],
    "tlc": ["fhd"],
    "tele-5": ["fhd"],
    "rtl_plus": ["fhd"],
    "hgtv_de": ["fhd"],
    "servus_tv": ["fhd"],
    "super-rtl": ["fhd", "dd"],
    "nick": ["fhd"],
    "kika": ["fhd"],
    "toggo_plus": ["fhd"],
    "DE_arte": ["fhd", "dd"],
    "3sat": ["fhd", "dd"],
    "phoenix": ["fhd"],
    "br": ["dd"],
    "hr": ["fhd"],
    "mdr-sachsen": ["dd"],
    "ndr-niedersachsen": ["fhd"],
    "rbb": ["fhd"],
    "sr-fernsehen": ["dd"],
    "swr-fernsehen-bw": ["dd"],
    "wdr-koeln": ["dd"],
    "einsextra": ["fhd"],
    "einsfestival": ["fhd"],
    "zdf-info": ["fhd", "dd"],
    "zdfneo": ["fhd", "dd"],
    "dsf": ["fhd"],
    "eurosport": ["fhd"],
    "sky_sport_news_de": ["fhd"],
    "teleclub_zoom": ["fhd"],
    "n24": ["fhd"],
    "n-tv": ["fhd"],
    "deluxe-music": ["fhd"],
    "fashiontv": ["fhd"],
    "channel-4": ["fhd"],
    "tsr1": ["fhd", "dd"],
    "tsr2": ["fhd", "dd"],
    "tf1": ["fhd"],
    "m6-suisse": ["fhd", "dd"],
    "france-2": ["fhd", "dd"],
    "france-3": ["fhd"],
    "france-4": ["fhd", "dd"],
    "france-5": ["fhd"],
    "direct-8": ["fhd"],
    "arte-france": ["fhd"],
    "bfmtv": ["fhd"],
    "nt1": ["fhd"],
    "hd1": ["fhd"],
    "teleclub_zoom_fr": ["fhd"],
    "lequipe21": ["fhd"],
    "6ter": ["dd"],
    "rmcdecouverte": ["fhd"],
    "cherie25": ["fhd"],
    "lci": ["fhd"],
    "rsi-la1": ["dd"],
    "rsi-la2": ["dd"],
    "canale-5": ["fhd"],
    "rai-uno": ["fhd", "dd"],
    "rtl_deutschland": ["fhd", "dd"],
    "pro7_deutschland": ["fhd", "dd"],
    "sat1_deutschland": ["fhd", "dd"],
    "vox_deutschland": ["fhd", "dd"],
    "kabel_eins_deutschland": ["fhd", "dd"],
    "rtl2_deutschland": ["fhd", "dd"],
    "super_rtl_deutschland": ["fhd", "dd"],
    "sixx_deutschland": ["fhd"],
    "pro7maxx": ["fhd"],
    "comedycentral_de": ["fhd"],
    "ntv_de": ["fhd"],
    "nickelodeon": ["fhd"],
    "mtvgermany": ["fhd"],
    "br_nord": ["fhd"],
    "swr-fernsehen-rp": ["fhd"],
    "rtlnitro_de": ["fhd"],
    "skyD_tnt_comedy": ["fhd"],
    "skyD_tnt_film": ["fhd"],
    "skyD_tnt_serie": ["fhd"],
    "sportdigital": ["fhd"],
    "motorvision_tv": ["fhd"],
    "spiegel_geschichte": ["fhd"],
    "skyD_natgeo_wild": ["fhd"],
    "atv": ["fhd"],
    "puls4": ["fhd"],
    "servus_tv_austria": ["fhd"],
    "rtl_austria": ["fhd"],
    "pro7_austria": ["fhd"],
    "vox_austria": ["fhd"],
    "sat1_austria": ["fhd"],
    "krone_tv_at": ["fhd"],
    "kabel_eins_austria": ["fhd"],
    "atv2": ["fhd"],
    "puls24_at": ["fhd"],
    "rtl2_austria": ["fhd"],
    "rtlnitro_austria": ["fhd"],
    "rtl_plus_at": ["fhd"],
    "super_rtl_austria": ["fhd"],
    "nick_at": ["fhd"],
    "sat1gold_austria": ["fhd", "dd"],
    "pro7maxx_austria": ["fhd", "dd"],
    "kabel_eins_doku_at": ["fhd"],
    "sixx_austria": ["fhd"],
    "comedycentral_at": ["fhd"],
    "ntv_at": ["fhd"],
    "eotv": ["fhd"],
    "orf-1": ["dd"],
    "orf-2": ["dd"]
  },

  "wilmaa":

  {
    "sf_1_hd": ["fhd", "dd"],
    "sf_2_hd": ["fhd", "dd"],
    "3_plus_hd": ["fhd", "dd"],
    "tv24_hd": ["fhd"],
    "pro7_ch_hd": ["fhd", "dd"],
    "rtl_ch_hd": ["fhd", "dd"],
    "rtl_2_hd": ["fhd", "dd"],
    "4_plus_hd": ["fhd", "dd"],
    "5_plus_hd": ["fhd"],
    "tv_25_hd": ["fhd"],
    "vox_hd": ["fhd", "dd"],
    "sat_1_hd": ["fhd", "dd"],
    "kabel_1_hd": ["fhd", "dd"],
    "sixx_hd": ["fhd"],
    "puls_8": ["fhd"],
    "6_plus_hd": ["fhd"],
    "s1tv_hd": ["fhd"],
    "rtl_nitro_hd": ["fhd"],
    "dmax": ["fhd"],
    "pro7_maxx": ["fhd"],
    "ard_hd": ["fhd", "dd"],
    "zdf_hd": ["fhd", "dd"],
    "sat_1_gold": ["fhd", "dd"],
    "zdf_neo_hd": ["fhd", "dd"],
    "zdf_info_hd": ["fhd", "dd"],
    "arte_de_hd": ["fhd", "dd"],
    "3_sat_hd": ["fhd", "dd"],
    "super_rtl_hd": ["fhd", "dd"],
    "tlc_de": ["fhd"],
    "hgtv_de": ["fhd"],
    "viva_hd": ["fhd"],
    "nick_cc_hd": ["fhd"],
    "kika_hd": ["fhd"],
    "toggo_plus": ["fhd"],
    "eurosport": ["fhd"],
    "sport_1": ["fhd"],
    "teleclub_zoom_hd": ["fhd"],
    "n24_hd": ["fhd"],
    "n_tv_hd": ["fhd"],
    "sf_info_hd": ["fhd", "dd"],
    "phoenix_hd": ["fhd"],
    "kabel1_doku": ["fhd"],
    "n24_doku": ["fhd"],
    "rtl_plus": ["fhd"],
    "servus_tv_hd": ["fhd"],
    "tele_5": ["fhd"],
    "swiss1_tv_hd": ["fhd"],
    "tele_zuri_hd": ["fhd"],
    "swr_hd": ["dd"],
    "wdr_hd": ["dd"],
    "br_hd": ["dd"],
    "ndr_hd": ["fhd"],
    "mdr": ["dd"],
    "hr": ["fhd"],
    "rbb": ["fhd"],
    "vox_up_de": ["fhd"],
    "einsfestival": ["fhd"],
    "deluxe_music": ["fhd"],
    "rts_un_hd": ["fhd", "dd"],
    "rts_deux_hd": ["fhd", "dd"],
    "m_6_hd": ["fhd", "dd"],
    "tf_1_hd": ["fhd"],
    "france_2_hd": ["fhd", "dd"],
    "france_3": ["fhd"],
    "france_4": ["fhd", "dd"],
    "france_5": ["fhd"],
    "6_ter": ["dd"],
    "arte_fr_hd": ["fhd"],
    "equipe_tv": ["fhd"],
    "cherie_hd": ["fhd"],
    "rmc_decouverte": ["fhd"],
    "hd_1": ["fhd"],
    "rsi_la_1_hd": ["dd"],
    "rsi_la_2_hd": ["dd"],
    "channel_4_hd": ["fhd"],
    "bfm_tv": ["fhd"],
    "nt_1": ["fhd"],
    "rai_1_hd": ["fhd", "dd"],
    "canale_5_hd": ["fhd"],
    "direct_8": ["fhd"],
    "fashiontv": ["fhd"],
    "lci": ["fhd"],
    "rocketbeans": ["fhd"],
    "sr-fernsehen": ["dd"],
    "einsextra": ["fhd"],
    "teleclub_zoom_fr": ["fhd"],
    "orf_1_hd": ["dd"],
    "orf_2_hd": ["dd"]
  },

  "teleboy":

  {
    "151": ["fhd", "dd"],
    "363": ["fhd", "dd"],
    "522": ["fhd"],
    "350": ["fhd", "dd"],
    "309": ["fhd", "dd"],
    "306": ["fhd", "dd"],
    "356": ["fhd", "dd"],
    "354": ["fhd", "dd"],
    "360": ["fhd", "dd"],
    "326": ["fhd"],
    "364": ["fhd"],
    "357": ["fhd", "dd"],
    "352": ["fhd", "dd"],
    "351": ["fhd", "dd"],
    "348": ["fhd"],
    "390": ["fhd"],
    "323": ["fhd"],
    "353": ["fhd", "dd"],
    "341": ["fhd"],
    "362": ["fhd"],
    "310": ["fhd", "dd"],
    "311": ["fhd", "dd"],
    "86": ["fhd", "dd"],
    "361": ["fhd"],
    "317": ["fhd"],
    "358": ["fhd", "dd"],
    "301": ["fhd", "dd"],
    "334": ["fhd"],
    "470": ["fhd"],
    "493": ["fhd"],
    "518": ["fhd"],
    "359": ["fhd", "dd"],
    "444": ["fhd"],
    "337": ["fhd"],
    "486": ["fhd"],
    "503": ["fhd"],
    "389": ["fhd"],
    "36": ["fhd"],
    "497": ["fhd"],
    "172": ["fhd", "dd"],
    "328": ["fhd"],
    "44": ["fhd"],
    "38": ["fhd"],
    "456": ["fhd"],
    "465": ["fhd"],
    "387": ["fhd"],
    "182": ["fhd"],
    "343": ["fhd"],
    "505": ["fhd"],
    "491": ["fhd"],
    "177": ["fhd"],
    "262": ["fhd"],
    "308": ["fhd"],
    "312": ["fhd", "dd"],
    "342": ["fhd", "dd"],
    "58": ["fhd"],
    "288": ["fhd", "dd"],
    "80": ["fhd"],
    "330": ["fhd"],
    "517": ["fhd"],
    "375": ["fhd"],
    "372": ["fhd"],
    "321": ["fhd"],
    "462": ["fhd"],
    "368": ["fhd"],
    "373": ["fhd"],
    "380": ["fhd"],
    "52": ["fhd", "dd"],
    "335": ["fhd"],
    "72": ["fhd"],
    "433": ["fhd"],
    "371": ["fhd"],
    "121": ["fhd", "dd"],
    "303": ["fhd", "dd"],
    "304": ["fhd", "dd"],
    "5": ["fhd", "dd"],
    "345": ["dd"],
    "336": ["dd"],
    "31": ["dd"],
    "501": ["dd"],
    "338": ["dd"],
    "331": ["fhd", "dd"],
    "305": ["fhd", "dd"],
    "367": ["dd"],
    "339": ["dd"],
    "340": ["dd"],
    "307": ["dd"],
    "347": ["dd"]
  },

  "skych":

  {

  },

  "bluetv":

  {

  },

  "yallo":

  {

  }

}
